id,name
6beb1871-cdac-40eb-83c5-93cf07cfd335,Elizabeth Ryan DVM
b39517b1-8745-4ada-9ff0-6121371d8716,Kevin Martinez
33431b4d-1e80-4fb7-afbb-b5256a9db9f6,John Drake
a7d0af49-f564-4665-a6de-1b44090cd55d,Nancy Austin
f65374bd-9234-4e7d-802d-744e87f8a8f1,Diane Hunter
9c7c2f49-6919-41b3-8ba8-e63886311cca,Daniel Coleman
72671315-6f4b-4676-b1c6-ca8b322106d1,David Leonard
0343f390-957d-4502-9841-41d79891467a,David Grant
51a80766-1c85-41b4-9371-45e9fa6437b5,Todd Burton
b92a4e29-1aed-460d-a88a-132ab7c52da0,Russell Mitchell
0fc87cdc-6b03-4197-9f40-eefc48ca200e,Laura Hernandez
874575e7-5524-42e1-8ca0-8ff360c42fd7,Maria Adams
c36eb550-86d8-4ea8-b272-4694aaa38742,Mr. Jeremy Cameron
c6cdab4b-1e33-4cec-b15c-1e99515be4e6,Robert Skinner
e1c955a0-c575-4f9a-a346-ab7093e667bf,Daniel Cuevas
09b16882-0bc7-42ee-a29f-b0bb5a2783b4,Kayla Brooks
035f67cc-3036-4339-97e9-9aa6e84453bc,Harry Taylor
24ab7728-1554-4d6a-8d41-e280eb5eec99,John Lowe
4d11d57e-cb6e-4fe8-9a39-d120f740be48,Yesenia Mcknight
df135ce0-5b12-4e95-aee5-e0d4895aa7f1,Joy Lam
7f3444fd-5dcb-4436-a1a6-b7bf241b6d1b,Amanda Nelson
9f89c27c-09dd-42a4-b858-b6c6ace059ed,Kyle Johnson
faf61da8-6f5e-4326-8115-dea784935ca6,Tammy Watson
ca745cee-2281-4327-9543-a7dcb5c2026b,Susan Bennett
b598c741-4f8c-4ef2-944a-68cadfc8a7be,Andrew Stewart
38a22ae0-026e-47da-83a9-efbbbf0fa2df,Michael Dean
6a7da4bb-46d1-4b98-9c9e-678d6425f511,Benjamin Bell
66701b9b-0c57-4a78-8090-9271506a9c0f,Melissa Martin
7938ba7d-1609-4075-b734-e3e1e35e164d,Andrea Callahan
19989eb7-0d06-40b2-862d-55bf998e87f9,Shelby Gonzalez
ad7c8905-cc9a-4bbd-891b-2a1ee312db4e,David Cooper DDS
d4818026-eb5a-4e3c-a116-b3ce5375ebad,Brittany Brown
c3575699-374a-4fbc-b945-517554c27b25,Jade Martinez
081f6fae-e90c-4c46-91ab-a6799a37110f,Mark Jenkins
5a555c35-2eed-427d-9ef7-ed66a666dfeb,Casey Miller
c1d547e7-0452-4158-8822-45f39272c430,Jonathan Bennett
0215a6ba-2f6f-40e4-bfd0-40216c56b5fe,Brian Velasquez
5b9ece2a-2bce-44f9-9728-c1b562256518,Kathy Haney MD
cb441830-2eed-4ec1-8a22-a70aa646565c,Rachel Graham
3149e6d7-77fc-45dd-8e9b-884f9eedf760,Brandy Mcdonald
9ac1abc4-4da4-4e11-8ac1-febe44d37bf2,Nancy Mercado
8003f599-3739-419e-bfbf-61b91574bb94,Martin Cook
ecdb1e3b-d7e0-4abd-a1a3-b8f06cf1f0bf,Lisa Ramirez
016ef8b2-f834-4262-8336-5dc353595ca8,Donna Garcia
0ea16c1e-0ace-42e1-9bd8-1301595fbd7e,Susan Castillo
5d32a918-2ecb-4544-bac2-79c681460c49,Courtney Harrison
aa4f0e1d-ee0c-4910-878e-be2755c68948,Dustin Andrade
491501ec-6863-4128-8899-f5f5c1508d9c,Mark Barnett
573292e1-3c01-49b0-8160-9c2ce65cf475,Joseph Boyer
29e7c9d1-e0d6-40ca-b2cc-60eb26705d9e,Melissa Sanders
8f7eecf2-dd69-4654-a22a-00dad9a3b3b2,Scott Smith
f4788e4b-58df-4ca7-9ae8-7b06038d74d5,Johnny Ryan
8fc2de9a-657e-4a2c-a21e-5eee4c427305,Kathy Thomas
0018db7e-3609-444e-a571-0b5eb6f78d8b,Jennifer Erickson
12a97ca1-b074-4071-a396-62cc1408f2e9,Randy Lyons
225f0660-c6e6-4d58-ab7a-9d225e188972,John Marshall
36170772-04ec-4775-88fb-de098862c698,Lawrence Brown
74618e5f-b1f7-44b9-b609-27c487247e3b,Alyssa Riddle
ee075794-bf14-4453-a06b-a3513711c9f6,Patrick Thomas
20c1adaf-8e8f-43ce-84f3-960ce00c6ab1,Luis Francis
602a0b88-9533-4a3a-a4df-96ed5139266b,Michael Steele
3f6c12d1-1b2d-4698-965d-d9145110a694,Angela James
042c59b8-50f6-4e6d-96c9-56e2e6ef3069,Carlos Leon
38f0aa30-a8d1-4ed5-a1f6-fc2a8af41231,Dana Mcdowell
b5fce526-853c-44bd-aee4-e3af248453e7,Jessica Meyer
9aa60c1e-1e2b-4bf4-b6b9-7b17177901e0,Stephen Miller
30f07305-921d-4998-abe5-061a46331e0f,Brandy Harrington
97f0775d-f8e0-415b-8c7e-e967ecb8ee45,Michelle White
538ea318-3521-4bc4-9dfc-010bdad2a72b,Shawna Hill
a67322ed-f7db-48fc-be5b-468508e0aa5a,Lisa Snyder
29d1499a-6ccb-4edb-b1d8-8a94da2e4b12,Dr. Melissa Russell
6080c1d7-5cbe-4f9f-b7b5-04e74bf504be,Ashley Mcdaniel
7fa0d299-a8dd-4a64-b92f-11dec1afb3ef,Scott Thompson
15f35715-c46b-4977-91ee-b18192a6330f,Frederick Wiggins
10fa2dec-192b-4fd1-bf52-943916cc44b6,Christina Roberts
1da4e295-1f6a-497d-b1e6-e7f25010047c,Matthew Grant
9a5a881b-8a05-4f32-b8bf-ec8a1088cbc3,Nancy Rodriguez
ed82c6ca-d041-4f67-84e7-f3751921cc63,Amanda Garcia
affec495-10ac-4c28-80e0-ac6f1c3c91ed,James Gardner
c6d3536c-2863-4178-ac38-f664f2cfc9fb,Joseph Mcintyre
66df40d1-972b-4599-9353-03e222e01a13,Dr. Erin Turner
fabd4b52-1a7d-4484-b8d1-eefbea17400d,Heather Gomez MD
b073fde7-8ed2-484d-b177-760bdcdb539f,Emily Shelton
e5ef2599-4e61-421f-9f7b-f418dad93cd5,Sandra Dixon
db256331-7750-4780-8a5d-a452d948c2e4,Melissa Roberts
a688412a-b0ee-4014-ba75-cf1cd89b476d,Andrea Randall
4e818bbf-395c-440e-b3d1-df5d3d73ec4a,Stephanie Williams
c0258a69-c536-4635-84c0-ab39ff1dd4fe,Terry Rice
5c270bbe-8ab4-45e2-8e66-96bcc323aa75,Rebecca Torres
ac0fceed-ae96-4fb9-b15c-fbcb437bd3a1,Karina Thompson
66ba577d-28f3-49ef-87e4-b39b27e5bacd,April Baker
bde4a1d5-ca48-4515-8cd7-56928b97d249,Shannon Alexander
da0adb8b-1af9-40a2-93a9-5229a83492c0,Cheryl Robinson
1bc366a6-56e3-45c6-b659-eb8a31f65732,Lisa Lewis
8cc7cca2-9479-4a41-9c4d-b1d3a8dbc8fc,Kathryn Day
abd8f328-2249-43b3-a578-92a4befca389,Janet Griffin
ace829dd-8e16-42c7-9b63-2a6b1ed7bf66,Dillon Flores
5dca1fb8-3197-414f-805b-786061703c4b,Christy Acosta
22efb3ff-c14a-4ead-aac9-f85758e9b114,Joshua Henderson
7fe0b1bc-6fa5-4c75-9742-9faf52ec11d7,Linda Contreras
d74e3f72-3254-464a-960e-85e4e0722a5a,George Garcia
6588c6b4-204f-444f-8480-05aa23b28c3c,Cynthia Owens
2b3188ea-4806-4e20-bb2d-7ed2b98389e3,Amy Ford
a1a9af26-5def-4901-b879-bf2de47edf33,Alexandria Jarvis
e2eeba9a-7e64-48ae-9b23-879e2ce245a7,Samuel Stout
14dd479e-54f9-43cd-aea4-b7c4f41965bd,Lori Butler
40475f04-f1c8-45ea-a74e-dab42eabbeb5,James Walls
66259c09-3e92-43e8-ba0d-17c7f0c15103,Misty Reed
b5e04160-eb6a-4098-b6ef-1a29d01d5a03,Timothy Waller
f7697be2-aae3-49c1-b31a-b27b8ca66e35,Tyrone Ryan
71589bf3-3b29-46df-a7b5-ed439c60be1d,Alex Taylor
2f076aa4-01e3-4ea0-acb8-62569998d609,Jeanette Johnson
3fb5294f-54b9-4c5b-a0cc-2ae2fba8036c,Troy Lane
9ef33d0f-87d6-43d9-bb95-c2cbb19f5f0f,Kelsey Miller
7ee464cd-b50a-406a-8a2e-af39f8d539c4,Michael Mendoza
9abeb559-2090-4950-bb1a-6c788b583fa8,Brandon Lindsey
36de4ceb-6a3f-41bf-89a9-b0917d8183ea,Wendy Ramirez
723baf6b-aa74-4b4b-ac34-28694f9dc5a2,Emily Bishop
7dd745de-5641-44c7-b8d2-0a455ba45fe8,Shelby Ray
48137f53-9796-40bd-8328-c5e3cc271a3d,Heather Monroe
8e8f7fcd-daa6-4ef8-aae6-d548430bf29d,Ashley Lam
e958fa07-1c7d-4fc8-8eed-0ff4f468c53f,Douglas Hill
0abc3ca4-8e3a-4eda-97fc-b7facbb9fa37,Destiny Tran
55ed3d9a-f398-4245-b37d-f81bb1c9490a,Emily Anderson
5da1f5ec-d322-4789-b5d4-686974d05ac1,Ashley Santiago
85870789-691e-41bb-b7d5-7533273f39f4,Matthew Dawson
70c0a127-3f90-4202-babe-be1b2e43624c,Christopher Robinson
74f12062-5eab-4b75-9ebe-958aa9ca248b,Aaron Gardner
1c466a17-042b-4d2d-9814-b615a130ee98,Heidi Randall
cf21eb97-6e4c-4356-83eb-a53fb408270e,William Kelly
129991cd-4e8f-40af-b5d3-69dd99025552,Jacob Brown
086c76e6-6566-4094-a225-35907b861cbd,Ruben Bennett
12b1f7b2-9fc1-460a-bea8-fd8b41578ce4,Tamara Hinton
8182ab6a-8615-4757-b456-7aaed2340fd0,Bradley Monroe
60797bb5-ecd7-44bb-9d0f-7abbab08b1c4,Christina Gonzalez
36bd78d8-f100-43ac-9857-982788ce99d9,Louis Walker
51b81b31-f242-438a-8568-7cc347556aa3,Debra Morrison
abf83a77-d32c-43ae-82d5-5b500eef0bfb,Deborah Page
dd922063-e63d-47cb-b974-cd6fedfda8ee,Kaitlin Hall
1d56628a-34e7-40a5-a329-9e452c5187b5,Jessica Taylor
bfcbba7c-044a-46c0-88b2-2a51554a7a69,Stephanie Nelson
6e8157b0-dff4-4a37-9a30-57dba62c36b6,Rhonda Small
8d6c05dc-a1ac-4e90-b45f-6fbbc3e9b40d,Kenneth Wilcox
31a12bc1-355f-4181-922a-84c56ad12280,Angela Smith
7e91feba-e9d2-4962-b1ef-4fe25c770c8d,Joseph Adkins
ea7f240a-7a69-4a10-93c6-c142e49f23ed,Cindy Adams
19ca3088-bfb3-486a-8542-c37e0b56ea29,Sara Henderson
02b33612-c739-45f5-918a-8a67415b591e,Brittany Rodriguez
911d71d2-4764-4d19-b8e8-c760deefcda1,Christopher Schmidt
16f06377-77f2-4b10-b786-f3000504774b,Emily Barnes
79275d35-3b17-49af-a161-185158ee1801,Mr. William Baker
2ca0fdb8-41ab-4948-99b3-7b9d02fc66f0,Gerald Hicks
c22115a9-f4e6-471c-847c-686c80244e72,Mark Mitchell
4f3aee88-bac2-4a10-90ad-2f950df4ee19,Richard Holloway
cc9be4e4-6d4e-419b-a4d7-fab0f16663cb,Brittany Reed
3f0702b9-4169-4257-88e8-40b67bde1c75,Corey Calhoun
04c3f65a-21be-48dc-b6d8-5dbad65016d0,Arthur Evans
e7b71f8f-43bf-419a-a9f0-301e63d923d3,Samuel Thomas
aea1571b-1ae0-4ef9-8de8-ce056ece8b69,Crystal Mendez
f1be8bcd-ef9f-487f-a88c-2dadfc47fa9b,Brian Davenport
881c5d6e-f863-4755-a564-eff00e54b237,Kevin Graham
689dc83c-a7d4-4e00-beb8-e24886543cba,Haley Obrien
070eb073-2986-4256-b546-f9b0ab56fb56,Gary Horn
454ac81f-fdc8-445d-9bb4-5e27de0099bc,Nicholas Mcdowell
7d4fc8ad-f1d7-4a31-ab17-da4c28c269f5,Dylan Carrillo
f6a04fe4-2c2f-4eaf-bfb1-c4330fe7934b,David Buck
18c73878-d7f0-4a06-8023-20a54c34b760,Amber White
cb0a7450-fc3f-4dbf-931c-add34ac70b9e,Matthew Stewart
18b437e5-549a-47c2-8fed-b32bfcd55e94,Tracie Martinez
ffc4ddb4-388c-4f80-b0a6-9be0e8f41805,Kenneth Lynch
c0b41657-6c7d-4ad5-8831-727bfecd2b85,Matthew Schmidt
837ad48c-b103-4848-9f7d-a8092825b78a,April Morris
bb8d2c08-a6ea-4e8c-a92d-be61c2fcf352,Rebecca Smith
927ecf76-a850-4e84-8058-3b35625d65f9,Elizabeth Hahn
aff3bbff-33a6-44fe-a31c-547f219dcd17,Alicia Clark
d8bf1ac8-04dc-410b-b704-de5b98dbecda,Richard Cannon
069de36c-6bf3-4ce8-add6-79c88a3e708e,Jeffrey Bailey
96a2f4e1-2c9d-4104-9a5f-938414592102,Cassidy Gaines
fab6bcd3-1164-4982-80af-72ea9c35ad7f,Bradley Shannon
caca4941-0f95-44a2-bae6-de80d854ee50,Barbara Pearson
4d25798b-18da-4fb8-af43-2d88bfbc20c9,Ryan Austin
1fa8c378-e1a8-4cbe-9ee6-211b89f8778e,Angela Weber
67c0d494-4cad-4b50-bcfd-d41349f4dbdd,Amy Taylor
b6977bd4-df56-4510-8762-d331261039dc,Travis Johnson
ffba4ea6-0e80-44bc-9c25-4eee30fe63c6,Timothy Navarro
2552a75a-1b1a-4445-8a76-13f5074330fd,Sally Eaton
e15d3b16-4622-40fc-be99-e43f52fb090e,Amanda Hill
8064607f-e1e0-42b0-b3e4-529f02804858,Brandon Shannon
99a2253f-11f7-44ee-9774-9e2280cb6564,Kim Moore
2e2416e9-9a99-464f-b743-c037698f0908,Christopher Graham
c74b1a18-9f9e-45c9-abbe-c0baa3dcf33e,Kevin Hardy
d3c0346e-377a-43de-8594-2214f6412324,Cathy Castillo
622094e8-e9be-4c91-af30-55228a674550,Larry Ward
c44a1c12-2118-43de-a944-2f4d429264c4,Casey Martinez
2f5b461e-b61d-4ab9-8db2-7ed896fc3acd,Dustin Clarke
bf714292-2c42-45a1-9afc-1dff09d5bdc0,Darryl Green
f4b4f378-bcc9-4595-b412-9692c8d55278,Sean Carter
80ecf2dd-74fb-498d-951c-9a11c40f3b08,Justin Taylor
99c5f1f8-a6a6-4033-9a3e-09ba4483f4c8,Latoya Garza
59c36b4f-4852-4f61-9932-c73d55bc3eac,Mason Thornton
53e58358-bea1-4af8-b227-016bf79b4a80,George Cross DDS
cca51ca2-4522-4dad-8ac9-1ae4f05a0e33,Jacqueline Morris
b2285ed1-b65c-469a-bf82-919161c5dc45,Kathy Harris
897bb40b-8248-4375-ae26-506c476fe335,Laura Holt
8090b469-2944-483b-af80-42ec40dfb1ac,Adam Carpenter
53d27721-1e13-4cb1-940d-95c375509882,Carol Lee
c8ee73cb-048f-4ebe-95be-1dd255f5bbf9,Rodney Berry
f5a1b2a8-f85c-4b04-a04b-d64dd29cb61b,Diane Nguyen
5e05abeb-40f8-4a95-937e-b2674ab38cd2,Terry Obrien
685c36e5-2945-4b14-af96-227a1c749ed5,Robin Vargas
92a54c4d-8941-41ee-855a-cdec5978689e,Michelle Sheppard
bd0471a4-7455-46e9-b7d6-967f0a544d79,Alex Rosales
cc2bb9ce-1e1c-4220-9456-0a0462d96494,Angela Hebert
454c2ad6-985b-435e-9c0c-bfbaa081143f,Mrs. Shelly White MD
cef844ea-ba1c-452a-bd15-0ec31f25c5b4,Mr. Clayton Kramer
051dfcfc-ceb5-485f-98dd-bf2ea5847c81,Pamela Peterson
0c06f5e8-008c-4348-a1df-7f1d4a17326a,John Mcgee
d9193f8d-6ed1-487a-84d6-eb5fe8d7654b,Michael Lucero
d3589d0b-2350-4afa-90e6-5a55dcab5704,Deborah Morgan
bd0e57e0-3a94-4ace-93a8-e0d2282dd160,Deborah Ward
31158db6-f177-4efb-b9b3-d547f183cf39,Erin Flores PhD
4f199525-aa7f-434a-bb44-e10166e4cf8d,Julie Dixon
d48b74f6-6689-4e19-9a17-c70056de7995,Mr. Adam Carey
b3c2a100-6d7c-400e-83ab-fff70023c3b1,Christopher Ellis
fc9b919b-f0d5-4444-992e-d09fc93e3dee,Christy Rios
9c7e0dc7-3f6f-4112-9606-667d83b514b5,Brandy Ford
19b17d6d-2f01-4a3e-b0bd-06a519d35671,Christina Terry
3fdcf325-eb5b-43ff-8912-efb2390d6de1,John Price
f41dcb85-d972-4adb-bf0d-df41e9291870,Kyle Evans
714fba6c-ce43-4b3e-bd02-a125c3bb1b1a,Justin Barrera
e56eaa53-d6e4-4060-a30c-14463d8166fc,Hector Campbell
e9e21a50-6b93-4bc6-a6b0-1c99aab16266,Anita Pierce
0f2a3525-0055-45dd-96f4-7dca75e4b769,Mrs. Megan Scott
b5816159-909c-471b-8489-70f659597c4e,Dennis Lopez
6eaf99f5-b761-4477-91f6-1c87a3fcdb29,Anthony Wells
82671d72-d5c2-46a9-ab6d-71a3fcb02a07,Brandon Hill
b71d5df6-fa84-437c-b1ae-054d2f1e22c7,Dale Colon
6b5e80f5-f15c-41a0-b13a-13be6b71ccd5,Daniel Small
903bc1f3-aaed-48de-876e-cc27e93cd32d,James Thomas
a50a9212-8592-4f68-8ecf-0957215c1e5c,Michael Acosta
e70f455e-c66c-4479-8dcb-c92a6f480ef6,Madison Davis
25583980-1cdd-4a51-bbc5-aacfbcea63f4,Matthew Chapman
0cb6d90a-d029-4c9d-8fe8-80b15e1cff04,Richard Martinez DVM
4199f8d2-44f2-4eaa-b351-9ab60c5b67d8,Rodney Gonzalez
f6635d5d-4089-4162-9804-d22045c83c9e,Emily Brown
4b93d111-775a-45ef-baed-2cd6455d63ca,Kayla Brown
85a43d2b-c137-4e2a-b66a-8f881b26c622,Nichole Garcia
b83a5e51-29a0-4758-add0-c749e62408ba,Nicole Jackson
0c87600c-7137-4dd1-959c-b4682cef3fcd,Lydia Knapp
8dddf81d-d102-47f6-8ab6-755ab7e64c94,Martha Pineda DDS
b3130978-97c3-413d-a9f6-7bbd2593d65c,Patrick Shields
7a1f48f5-c626-41fd-a59c-d434683c2714,Kimberly Schneider
b5a42d6f-ac15-459d-a54b-6d28e0577421,Miguel Palmer
a3260d9d-cf88-4144-b75c-0f8c41091097,Ryan Carpenter
4f8bd620-c71f-40d9-9221-6b2c74d59e7c,William Davis
a6df4b99-12a1-4c94-93a5-09efbbadca58,William Ayala
74627b81-f511-4adc-ba60-a499f925c3be,Jimmy Bridges
5efd76ad-e1b7-4274-bf87-6036bcc3f075,Amanda Martin
a03cab75-0e41-4652-9f5f-f949f3c38465,Alicia Huerta
2e302ba1-bd03-4830-bc9e-d9cadc63d21d,Francisco Parker
30f2cd3e-1c78-467a-ad37-7706b77ee8c9,Christopher Hall
bc3eb978-02e6-4886-b7e6-079e73835210,Patricia Joyce
0a002435-df6b-484c-9830-6344d58f1da2,Amanda Johnson
b3316083-37b7-4632-a97e-ad458ee3876f,Alison White
2b8051f9-9170-4b8e-89ab-af56f6c1a285,Dawn Williams
5e9e348d-86c9-43b9-839c-4bf944dc1f56,Jessica James
ec5a4553-5bf8-4206-a36c-c2590f338a64,Patrick Knight
ea17f2d1-265c-4373-90a0-f1a326a65fbf,John Blackburn
6f3743e3-98ea-4a77-9216-1f5a480f3402,Jessica Richard
1113b6de-24d3-4149-a9af-fb6ecbb5cb93,Robin Sanders
92f0209d-96e1-47ff-bf83-838c13df804f,Sarah Ross
9e7aa1da-1a34-4f4f-8832-22071cb55cfb,Derek Marshall
e908239a-b281-4fc7-aa96-11e7e694e5c8,Wesley Jenkins
48859815-79c8-47d9-9e9c-cf08ac1cbb88,Troy Hayden
4043dfcd-f448-4d82-8f20-514a6d914580,Christian Mathis
cdfd1163-cb70-4448-ba28-8f33cbf3a35d,Christina Rollins
c52ad28d-0aad-42da-8f08-2c070906b74c,John Bennett
ba981060-b076-4bb3-871f-dbbe5651e0ef,Lisa Townsend
805c3d26-dee2-461f-9779-c79ce352b100,Andrew George
62880422-f3ff-4f46-ade0-d9e2cb29420b,Arthur Mendoza
40923682-0eda-4dba-9754-ea990b7c15e0,Michael French
8ee4e705-884e-4b96-a63c-0fef814017f8,Mary Dunlap
ccc3f29a-983b-4253-bfbd-3e75627a52fd,Mr. Matthew Meyer
3595d78c-4d8b-4e80-9603-1bc62013d70b,Melissa Lopez
1b60c4d9-bee9-450d-b8b3-740880039bd3,Leon Oliver
aae1b169-8529-48b6-93a7-1a84e460b175,Eric Young
aa47a97d-8593-4720-994b-fb1f16012b01,Jennifer Sheppard
73b340c3-401e-42d7-910c-85cec14357ee,Brandon Roy
6fc0f6ba-5d2a-4350-b95f-818f753a38f7,Trevor Rodriguez
8184cdf6-34df-41bc-9698-24acd17baef3,Sarah Hunt PhD
fad34c05-85b1-44fa-b450-563face0b6cd,Andrea Bentley
6c34ef77-4d9a-496f-8022-c55f9a30b021,Carly Harris
7f2a9abe-22fe-4fa4-9c67-d86a8914b4c5,Dana Gentry
64de140b-a964-4bce-9b83-d3cc5f94d7c3,Kelly Singh
3dfa7ae1-ff9b-4108-92f5-60116de641e8,Leonard Jackson
d7171f0f-b2c7-47c1-a367-1c2f01e19c37,Ann Dennis
73e99b32-696a-4fd7-be9c-8f969673724f,Keith Phillips
0fb42863-1df0-4200-8806-be001b4aed63,Robert Lee
c799b707-1c7c-40a5-b50f-e3bce9520c1b,Stephanie Carter
661606bd-51ca-4afb-8553-ea94dd872138,Roger Carroll
b623da0e-7849-4802-8dce-d1721a90162f,Renee Gibson
06a69ae1-66fb-4993-ab09-c3019e35efd4,Daniel Jordan
90f8063b-ac80-489f-b5a8-f1ac46129ff6,Brenda Dillon
1a0b0cb7-4ac3-47db-a2b2-bca441360f42,Angela Stephens
0e0ff66a-3a83-42e1-9a5a-9193acf8b9d4,Erica Walker
ac6b2493-037a-48b4-9ae0-ed595f835fec,Nicholas Gray
1b3840dc-79ec-464c-a6e9-74ee400ce82e,Steven Brown
1d52e088-3748-4fba-bd12-e796701b2360,Michael Williams
6674cc48-bc12-4e09-b0b7-3f142ffdf3c1,Lauren Love
ae257bf8-b113-4c94-95f8-7293c7b213bb,Dr. Shannon Carter
393f20d3-d2d9-480b-9f20-373053daa0d6,Bethany Baker
8b2246bd-f616-4ccf-8a0d-f73f51ffb439,Wendy Bowman
fa498cdb-1231-4632-91f4-01171ee9c30d,Sheila Fisher
4e000e9e-bd02-4be4-a3f0-548cc9c1f964,Ann Morris
b19ac2fd-df0d-4274-89a5-89988d80e59c,Mary Deleon
7e0c5103-0b59-4699-bed1-2a6957bf6d41,Connie Collins
e5cd96e6-c108-49eb-b30f-e538efe49caa,Barbara Ward
4c663131-781e-49cd-b0f5-2d63b90d8bbc,Melody Wright
868001a1-f2c1-40fc-a099-bf0685998008,Carrie Abbott
652d2636-fa6c-4d78-9668-8ba222eefb81,Christopher Hart
b529202d-47e1-4ad3-9bf0-75db61b54a2d,Kristi Keller
79fbd761-88ca-438c-b390-ea798564e79b,Brandon Parker
40db155c-cc6f-445b-9f24-108cafd8b9fe,Thomas Houston
ec547c4c-bb7f-4cad-b37c-5c061a7f2806,Kristen Mack
6e232ac5-d7ae-4857-98f6-89ece7cd2e21,Charles Bolton
53f3ff03-5eea-4ab3-9e52-be228bfeadaa,Kyle Jones
4a5844c4-a5bc-4e39-a574-9cf1b29228f6,Don Duran
dfabafd5-ad49-4d9b-8208-c6c1edc1886b,Richard Pitts
df1ea726-306b-45ce-bd28-fe8026895239,Brittany Turner
ce0bead7-1648-4125-ad2a-d295c7a1e750,Timothy Gutierrez
8c6fafca-099c-4b5c-98eb-e38b4282a30d,Shelby Morales
22e77b00-3e70-45af-aeb7-340d459ef150,Natasha Wright
cfd130d5-f0f3-4dd7-8976-38d1805a0500,Kathleen Rivera
bb0a0623-c371-4c38-ba1a-8dee3f02b58a,Melissa Harris
f3afaa76-44fd-4b61-820e-4a33f508eb1b,Jessica Lewis
ad3317e2-d9c7-485e-b441-c7b94a0f16d6,Michael Murray
b767da4c-8383-488d-aeaa-df38febbbe87,Charles Waters
15865f30-1d2e-4a49-851d-3bae6e0c2bc9,Ronald Tran
60443587-e66a-4224-8376-f41418278395,Richard Hayes
334d896c-9e74-4bc9-8508-548e14b2b12a,William Johnson
2eb90b39-7767-49dc-8df9-9372324367df,Jeremiah Smith
f4e01255-9f33-4f86-a6ff-7c78d17689b2,Vanessa Howell
be1d3886-cef0-485a-bd7d-22ee365c301b,Shirley Kim
5d0a9c02-716e-45b3-abdc-949a10f12b41,Wesley White
c88159ff-2a52-4e42-9356-5a93790dee2a,William James
5f569b99-8527-4eb7-8845-4ae0f8ed8526,Derrick Brown
816c371c-3e7b-42a1-970c-62bc2cce7ec2,Ryan Watts
a39fdf66-b20b-486d-a16b-6a3f57c215f0,Andrew Aguirre
992a4061-a4c8-4abb-aced-602a176e9241,Tracy Gibbs
57929b3b-2325-446c-a237-5e75b36353d5,Brittany Daniels
614cd7cc-b47c-4bf4-ad9a-f3e2147861fa,Bonnie Jones
bd720ffe-e21c-4ad3-ba3e-7794938b0f1c,Amanda Vance
0cb45f08-641d-43db-accf-5481f62ff329,Tiffany Armstrong
8533abf9-5244-4072-8ad1-bd1b50036d2f,Mr. Nathan Petersen
dc59590e-f2d4-42cf-8ed7-fa9ec3dc9c9c,Mary Wright
38a67868-2b9a-47d6-a29d-d0d1868d4361,Hannah Anderson MD
86f3e5c8-59ad-43ac-bfcd-9e3b9a228a1b,Kim Porter DDS
9f813bc2-7b5f-49f1-b604-546683e8b50d,Ashley Davis
d22be4be-97a2-4c4f-bfc2-3f6ef9d48ecf,Gregory Glenn
201a2083-a39f-4592-b364-a680dce745ed,Daniel Wagner
240dfba0-cc80-4c0f-8518-9cb1a8ec20b8,James Maxwell
9f96fca0-daf3-4e3d-aa54-7fe417f892ee,Mrs. Karen Martin
e15ba323-331f-4c39-8c4b-8cd67739f9b7,Sydney Weiss
fb01fb18-b82b-4025-9528-e933e2fb1f9e,Adam Murray
675cf2de-ad85-442c-8495-b1857b3a2207,Duane Myers
0e7021b9-fcf6-454c-91c2-1e9965f69a5b,Brian Fields
0171d7c5-6b1f-485e-ab6b-0d88217c5121,Stephen Hughes
277ad520-f045-4534-801c-13c5a31a9672,Sarah Smith
e5b93de0-4ec2-4e96-ab5b-2480af3ee7c3,Kathleen Kane
5d6070a9-1969-4e60-81bd-ebbb00de45d3,Carl Dorsey
553dac68-f303-4772-a129-e5bf32e0c583,Dawn Thomas
8f76b182-a56b-4242-a9be-bb253563720e,John Nguyen
68ae9a9f-c335-4763-b9e8-03c1e7aaca0d,Cheryl Howard
fb67f7eb-0015-44d1-bd69-a82c12bc99f9,Sharon Sutton
e6d39918-9026-4117-a2af-275a0e05a77a,Tiffany Logan
2bc04f66-c149-4862-8206-9def78f91868,Jessica Brown
36806484-6d81-4608-ab6e-28fea61c5e5c,Melanie Ramirez
b21dc097-953b-434d-9e3a-7d5e3bc268a1,Christopher Smith
c13743e9-b7c8-4a7a-9558-5853dda7dff6,Leah Hensley
cac817cd-eb63-4152-948f-b2f73e6abe64,Richard Burns
6d75525a-59ee-4e57-b23f-edcad8f1f719,Renee Price
cda02403-498c-4263-957c-bccd99b96d88,Madeline Smith
5f16c667-7b99-4765-a0aa-930651e3ff38,Carolyn Bishop
c42f052e-d904-4b34-9f2a-6681a35cf67b,Gerald Castillo
f33cf387-ba72-429e-b022-4493c33f97c9,Kelly Miller
b482eaaf-7f64-4f9b-add4-55f0a3d0305c,Brett Webb
bee66be9-32ec-4b05-8032-12793df404f5,Raven Johnson
c05c91fa-6cd6-46c1-801a-de3fb7234ceb,Karen Oliver
6801d192-3140-47a4-8348-51351c8cb19b,Lauren Ward
52bb8254-f841-4c5d-bb7e-bde9bfab205b,Jennifer Stevens
a76a71be-f9d9-4808-910d-14fd14e1515d,Dustin Santana
11ece49b-775f-488e-a00b-5d7fda32c86e,Anthony White
262500ff-f8e4-4484-88e3-bacf11c9fc3b,Wanda Osborne
da127d14-468e-4abf-935c-b13f0316a417,Jessica Duke
e21d7464-da2a-4647-af83-b278841f5c63,Brandon Perez
7be0671e-407e-4ab5-9058-3096bebbbe60,Mark Olson
77b00e9e-7c87-4595-a7df-27cb94fd860c,Mary Ellis
20e87d01-bc92-4da4-8e6d-c571d8317ead,Jeffrey Joyce
41f3ab09-9666-4da3-aab3-04ff3501d6fa,Jacob Lloyd
a4f1cb98-5da5-446c-a46b-ba58ed48d3a3,Justin West
fb8f55e9-68d3-4312-84c9-e8fdac0d424f,Mr. Jonathan Taylor
416a6a5f-53ba-411f-b0e6-1629a106a570,Samantha Ward
863d7068-e87b-4cf6-b6ca-eec7cc03cc63,David Edwards
ee8a0d55-7c90-4a37-90e7-ef6b21500f79,Mackenzie Torres
c68b6f6e-36c4-40b1-8f50-55b7d42795c2,Lisa Palmer
b052f532-1c8c-4066-b8d4-2c447d110989,Denise Clarke
b4d6a20e-66c8-41ba-96d1-ab2a8476a761,Christina Hernandez
39a0b6a0-58f4-4cdf-8091-3d19b597da80,Brittany Wells
022f8b4d-2c42-4d23-9007-5285f353e225,Maria Shea
9d68ebfc-55d0-41f7-a41d-c9fe2d99842b,Maria Macdonald
8743dd49-bfcb-4d05-9fde-c61730220f97,Daniel Jones
ddc3fc75-3dd1-4bae-9e0c-bdfe18b8d2f0,Susan Johnson
2776ad9e-f0f3-4a27-a41f-b1e5717fc606,James Mitchell
312aac15-979c-4370-804e-f9fce8afb353,Brenda Morris
57215074-19a7-4b5d-af34-5a4c98d7e5da,Kathryn Black
a8643f99-32e2-4687-bb78-96ba00d06eb3,William Lopez
ddc80a05-d2bc-4025-beab-3963840aad2d,Rebecca Roberson
af08a687-92fd-4e6c-9a08-fa9c1c6fe1a4,Mrs. Stephanie Riley
ad5c2c6a-630c-4ae1-adb8-3d743f4de7b5,Robert Underwood
ce2585fa-8753-4e2e-926c-b01e514bc9d9,Kristen Jacobs
30138f53-0ca4-4039-844d-13c36cb60bfa,Kimberly Johnson
e8c2b22f-e4e0-4cda-b630-5c7e58693cde,Cameron Fuentes
8c49b31c-f6bb-4f0b-9fc8-7486f5037fb8,Michael Hall
3c6e7cf4-d132-4d53-b5ea-3c7128d77b33,Trevor Pierce
bab79999-a5e4-4451-a797-1e4f0f626aea,Sabrina Downs
726adb7b-3150-4037-b96b-4e1e6c8f9590,Christopher Smith
f6e28af3-c42b-4cbf-9363-e670bad99fb7,Lisa Brown
af6e44d7-a1b4-4ca3-9d22-b17132b9bffe,Christina Williams
9cabeba3-efa0-4f11-a8d5-8c2a2d5a3f99,David Thornton
e5d38f71-1929-4c88-b235-63631b2dca02,Joseph Murray
7f141de4-fc5e-47f8-844f-474b65e8efea,Nicholas Gray
d716400f-ec28-42b7-9c49-5ac67a79ec0b,Margaret Lopez
d27db6b5-6b73-4000-a384-03d0b09086eb,Nicholas Ballard
87b02112-bc85-4eef-a2f8-226db09ad5ae,Danielle Griffin
ca99a015-67de-4f06-afca-703b9c490b9a,James Mitchell
7f3c3656-2994-4823-8b7a-1e7463aa768c,Cheryl Atkinson
8e722351-4817-47c7-89b6-2c326173ae36,Brandy Dennis
95a3cb7e-831d-40bb-b1f4-217cc78697cc,Thomas Peterson
6c01bd88-a024-409b-bdae-2e5033329f61,Sandra Gordon
4c040acc-e468-49fc-a806-c7c0845e5bf9,Derek Brown
f8176eb9-39d6-4f21-83c1-e36a1c8081bf,Daniel Stevenson
dc6b98ec-b82d-4d41-8a2c-35ce54dfc92a,Mary Ryan
dbbc9fd2-e29f-48d9-9d4b-67a9a9e4e2cc,Rhonda Ward
dd44c0cc-7480-4915-8361-9f1346f79254,Karen Howell
45c6a8e4-0dfa-41df-80d3-5456f8494c7b,Michael Macdonald
dfb18197-cc20-4182-bfea-c528dd562c00,Andrew Anthony
121a230d-b76f-4ee3-ba16-ff548044900a,Kathleen Sawyer
d83bd153-a104-4129-97e7-9c79a3582320,Jill Johnson
dd84486b-d375-4c98-9620-30c63536bc15,Michael Steele
647245ca-00d6-4687-b5ac-c91deda9e80d,Carol Christensen
09a7164c-5dd4-4636-b8ae-a9c38a5230e0,Aaron Smith
5601c6a6-5bd5-41b8-8adb-31c3da40cfd3,Michael Miller
19d2a55c-52e8-4f77-851d-b517a9d32776,Alan Cruz
60a603f9-a190-4c8a-b467-ff5237dc130c,Stephanie Sherman
d097a0c4-9a14-472d-9c16-6ef09301eaa3,Christine Miller
8b28e8a6-af3f-4532-a905-748cfb08d63c,Barbara Smith
2f7d4fe9-2b9c-493a-9850-d967469a22ac,Steven Edwards
f962c957-8a80-4824-bf25-aeb32f7a93d4,Colin Campos
2240eb7d-709d-4e1c-90f2-8dd5e4d4162e,Martin Henderson
0155fccc-86c7-4a85-8bef-ef3c8a6ca469,Adam Rice
65e614dd-c657-4ae1-a071-644a5cd7fd8a,Richard Li
bdd9109d-510c-45bb-889a-b0ed54cda9a6,Stephanie Brown
8587e20b-2edc-406d-a330-d0cd2bec4bfa,Joseph Brown
f0670408-6fec-4f8e-b27c-11b18532ba73,Connor Watson
0359900f-0722-4045-9531-3324a4320027,Victor Reese
fc6c99f5-dfbd-493b-95bb-a16e6b6d6d50,William Hodge
a65f0742-ee43-41cb-9421-747e6bcbf98a,Jonathan Schaefer
bdb0a46b-41cf-463a-98b6-21de04247500,Natalie Hatfield
2a105c1f-0385-4102-ba36-dd448cee157c,Kimberly Johnson
2f57ef04-f663-430c-ad51-cc777b295419,Jennifer Cantu
3c48d244-7f52-4cec-b4f3-4c022a8b983c,Chelsey Ramirez
f12892c2-cdfb-4533-97cf-5dfca7b685ef,Barry Maxwell
a782abec-31c0-4898-aa1b-9c9227511dab,Sarah Robertson
e2be4440-40a2-4bd8-bffb-1c1691bdc6be,Alexandra Colon
3681b991-7df8-4e53-8596-d94db3cf9670,Monica Warren
dbae3c4a-bb36-473a-ba83-a6c84cb1251b,James Santos
af285e3f-df57-4365-9eb2-fe9726a14917,Leslie Mckinney
9e5dfcee-5c26-4f68-93c8-590889650782,Todd Bautista
fea1ccff-994c-45a1-aca7-90e0dc522ac8,Jose Butler
d48ac9e1-f3b0-4c64-8930-88e446ea032d,Eddie Glass
33629f7f-3990-4239-8fac-3c5c4762937a,Miss Carol Garcia DDS
0b3b14de-dad3-4193-9139-177c6ac09407,Maria Rivas
ec91aa5e-eff3-4c78-9d2c-9ecdc1b2ab5c,Kyle Logan
8f28593f-dd1e-44b8-bcf6-00b391c4a75b,Tracy Munoz
3b36343d-f95f-47bf-90e1-0ce0efc503b8,Susan Hernandez
cfb9248d-4ced-4309-8694-892a6e70e85f,Thomas Martin
454b1da1-b49f-49fe-a1ad-532075c019b3,Caitlin Vasquez
aae073cb-50f0-45ba-a0f1-8f8c537d85ea,Ryan Lewis
a8798ff1-3a2f-41f3-8755-2cb008963a0d,Kevin Mcguire
d5e7795f-12c5-47e2-9691-50d92c65ff43,Crystal Thompson
d5add2c9-26f3-4eb0-b54d-2fbf6768ba81,Stacie Cook
dbb94d77-ed4a-4460-81cc-64a420482ff7,Sarah King
7e83214e-672e-43d2-b430-828521e7d81a,Rachel Martinez
9b742ea3-4173-4d04-848f-a934c7537e63,Pamela Rosales
6bc49a1c-c31e-478e-8c47-e8c1d5c03b15,Daisy Johnson
1643ef1c-bb37-47e4-baaa-0058266d07cd,Elizabeth Schmidt
2ed76f3d-4c59-4409-890a-34531566190f,John Evans
99a91c3e-35cb-4493-80a9-bc99cac2dd94,Justin Miller
6ccdd2f1-2b03-471a-b3fa-765422fff5bd,Amy Charles
9d3bbde6-1a0e-45b5-8276-4106b5d335f4,Elizabeth Hobbs
97120f7b-32e6-4e15-bb60-375382228281,Daniel Little
fbe9b49a-6fa6-4193-a187-433e5ab8a694,Vanessa Jones
f1f4fe09-2846-42fc-8c78-f1984fa9698f,Philip Haynes
07a83cde-e86d-4b70-b977-3232b9cc5774,Michael Walker
1ba2b3e0-a01b-4d2d-8cd6-594f7e7cde90,Kimberly Oliver
69fb2f78-68df-4917-80cd-ceacc46fbef6,Jordan Mayer
f124c1a8-5d53-48c6-9335-f856fadcef6e,Andrew Rosario
3fee7cf3-ad6c-4ae6-a1c8-9bd5adc26d5b,Rachel Willis
6e65bdb1-acec-4435-835c-7ee8e558781b,Teresa Murray
16adba85-9c6c-4c07-a136-778153f3674e,Steven Hansen
50b758e6-a693-4f52-93af-8a8d96277ee3,Jeffrey Barry
edc3bbe5-4aa7-4450-a657-2cbc328e7d47,Brandon Duffy
e2ffd581-ee9f-4d29-8f02-56559f4b2922,Sergio Johnson
4f661394-7f25-49ff-84c2-919c27572577,Alison Benitez
b99cd127-8d67-44c4-92b3-e36756c84d2f,Brandon Espinoza
6e505453-baef-4749-9224-6a207815cb4f,Misty Robinson
b2972848-39c7-46cd-bf33-60559abf85d8,Sandra Myers
9933de38-a3cf-45f2-b7d6-8755376096ca,Michael Fernandez
d7f2fa57-d69e-4bba-80d8-fab46123b2fc,Jill Barrett
0407fef4-3d81-4225-a031-965c35f31dd5,Katherine Martinez
81ee2981-bfe6-4f21-a8bd-18527065c92c,Donna Crawford
b13c7c5c-7aa2-425b-983d-795d31cf2f00,Miguel Evans
b1fa42af-7c3f-4b95-a62c-4cd93cdfdd98,Benjamin Adkins
7cd75702-83f8-4111-94ca-42c7e8ce4572,Joshua Martinez
cf663cd3-d1cd-496c-a466-a0e3a0b11d8d,Matthew Henderson
38184e22-d7c8-4810-9b6a-c522d5993121,Melissa Larsen
e5473faf-72f8-4a40-a66d-9cc46da44f57,Mary Harrington
5f8bebd1-d224-4131-a11c-ef145a54c382,Roger Campbell
ecbbdc07-4a35-4a9d-8b30-43cc31a4e08c,Savannah Nelson
1bf3c7ac-08fc-4f8d-87c0-60a843c9c00c,Clinton Knight
e3d2cf71-bbda-4935-9e19-7c1090f14f5c,Anthony Ramsey
320b3c7e-73c9-4e1d-ab2a-3d47949b122e,Derek Hunter
f024cc90-cdb9-4f3e-a63d-e634894f7817,Joseph Heath
f3d8cee4-c821-4726-8d3b-105b67349d78,Megan Baker
defc8f42-3640-4041-970a-428922eeea92,Kristin Payne
4156b0d5-4a9a-48f3-a354-d8dac3ff8d31,Henry Harris
0dc83c2b-8054-49db-bc02-a6517a61f324,Daniel Marsh
b3747bce-a73a-439b-be31-ad670b83b17e,Amber Reed
edcc0aa1-8290-4040-8fff-1d499013ab8f,Sandra Crawford
e6865a3f-43c9-40b9-8081-e57c0811bdeb,Lori Murphy
dc60db8e-0993-41f5-8405-4a6136c16263,Jeffrey Durham
8c4c538d-d5e2-4a9f-8649-bc2c52562720,Jessica Hernandez
4b8df097-67e9-4477-88cb-ee758312d79e,Susan Humphrey
fd417863-ebba-4d2c-a607-0532f8de1f6e,Krista Young
35d50a7f-61be-4a44-a285-75c35f5c1177,Katherine Spencer
4c1938ee-8607-47c2-9274-ecb15de4ab07,Destiny Simmons
e7e54cfe-9384-42e8-bf9f-39e5d45b8e7c,Shane Cole
66dc4fbc-aa95-4b3c-89f6-44f2d74c3a8d,Donald Robertson
6b591360-9309-44de-abb2-e69aa1e8c351,Mark Johnson
b79901e4-fd71-4b98-9329-ec2eccb62ce0,Melissa Webb
572951af-3148-4a35-b467-cf9a120f46e8,Adam Reynolds
2222c44a-fcfe-4b4e-93b2-096c88b3432c,Dwayne Gilbert
fc06cc1e-0fce-42fd-8a27-241b759beaf2,Patricia Johnson
0022b0f5-f286-433b-ad15-1f47ec363798,Melanie Mendez
703401d8-6a33-4955-9008-db69c14ce388,Kyle Carroll
368d036c-0f4f-433b-8557-a46d9f2e8b7d,Alejandro Adams
2348036c-7d2c-4271-be7a-9ea7a66cbd1d,Savannah Nguyen
f0e0ea27-6272-4e54-8e2c-ad916b409950,Keith Burgess
aafe7c81-ef7e-4ecd-83c1-723dec147172,Matthew Harper
1843eacd-1327-4d75-ab48-c01a92fddac1,Jeremy Stokes
649179aa-ab1e-49fe-9ff2-87a2b70ff4de,Amber Rush
4942b4f2-ea05-4605-be47-10ad0f173a31,Heidi Branch
85f0ff4c-4203-49ce-a336-538d79773144,Sheila Lewis
62c0a84f-a0ba-428f-9040-414ab87bcab0,Jennifer Robles
4e30c952-2803-4372-8275-87c197f13bfa,Aimee Kennedy
60308f2a-941d-4064-a976-378ff1ca166e,Christopher Foster
f4077cfa-e5af-43c0-8a87-254d486be7e9,Scott Webb
1747ae43-fa08-47ee-ba2e-9ef3a79b9eef,Elizabeth Lewis
6f3aec74-656b-4a07-ab10-f28c47034e50,Jennifer Atkinson
94b50d5f-5e2f-469e-94b7-5fd78aee2603,Christine Wilkerson
9b8a80e9-48e0-490f-af92-e285e0e5b86d,Michael Baxter
cd04eca9-a5ae-4415-82ab-ca1ff23418f6,Kathleen Goodman
df381d94-f140-40f1-a076-18a8766ca7e0,Stephanie Dorsey
74a21826-649e-420d-8088-b6271e82f334,Scott Cabrera
91bff006-fb2e-4be4-bf75-147554fba175,Lisa Jones
33aa7b44-8d16-427d-aa72-04d128557fc7,Julie Barnes
67b34b28-0104-421c-a2f8-d95554613656,Amanda Diaz
fead5c77-db5f-47d6-aed3-6d25aaafebf2,John Williams
dfeb29a9-1a63-463e-94a5-2989614fcf93,Taylor Hudson
8543e57c-c721-4024-9ba7-348dbc0645cf,Mike Mills
3163795b-af30-46dc-b2ea-6e9f047f3c03,Mark Smith
31643f7c-3778-448b-8fb5-8ad9ab6400ab,David Black
8ab0f227-1950-4afd-b27e-903a1d04f38a,Vanessa Sanders
3033cf74-f73f-4d45-aa54-c011d1651854,Elizabeth May
5d17f39b-411a-488d-a9f9-c393aceec654,James Robertson
24536ba5-f523-47ef-b93f-0df64bf980ef,Joanna Hodges
cadff41c-44cd-4b7b-97ec-0443f2a74478,Jessica Best
65fdc660-99ee-4a71-8bdc-da86e4906d4a,Brandon Lopez
7b1f843a-7c82-4cce-9f30-5825d2884e0b,Karla Vang
bada4e77-4aa6-4c27-9aa7-0437d416229d,Megan Sharp
a4d9d952-423e-4059-9a6d-8896e68b38e7,Abigail Wolf
da38a6ea-6633-48ad-8c2c-96cbe926d171,Lisa Mason
6a00cb8b-5e3d-480c-9a7b-302513b0a1e9,Shawn Rogers
cb690cd4-caa2-4573-9d62-280d2db9bacc,Jonathan Davis
b4541bb3-44f0-4e75-a171-e31828cf0efb,Todd Cook
331e7b56-26f1-416b-adf6-a619a22c66c0,John Simmons II
b2f3320a-e792-4684-9550-1291bdc623e4,Mrs. Ana Garrett
b36e7208-9346-4394-ad37-3812b2cf6d7f,Samantha Miller
0829c072-3a4d-4e56-851c-fa2a08180c1c,Jeff Brown
afb6ea24-1f46-40b1-9a4b-0c09900e738d,Debbie Lopez
bcc12a27-d5f9-4ea5-9bd5-1e7657a5cb42,Sabrina Brown
3c5a9b36-f968-4b10-823f-8925482c2fe5,Courtney Lee
e1d18353-8071-42a1-ad53-cca93c07282d,Brittany Barrera
b606d9c9-c017-4681-b216-df6cc4fb14b2,Gabrielle Hill
304977c0-84d5-490b-98e7-ce5d4b565ad7,Christina Johnson
04a61af8-ad93-4318-92f2-8f6e86ad7195,Victoria Edwards
1510990e-eb25-451a-aea5-b250ace154c4,Danielle Gonzalez
12488d70-a897-4419-b74d-a431af28d7f4,Heather Lara
b51850ac-a1ae-4065-aed6-a34bc4badf6d,Richard Stone
a4f0ac63-f384-4a94-a407-1003e3e2c664,Lisa Pierce
d963d5f5-221c-4a7f-807f-38e4d0aabf2b,Stephen Archer
dee3ecfc-53d9-4e35-b020-ae34c7d074af,Desiree Scott
7d15239b-3c0f-412f-8c67-fe9dc367705c,Erik Mason
cb3e06fa-eb68-43d1-bcec-8db71776c7c3,Justin Leon
8e47cb81-c9e6-4a14-8886-66630ae69b68,Carlos Campbell
33d5f748-27c2-491e-9115-aaedba66eeac,Katherine Martinez
66e26db2-a5ed-406b-b9c2-4e613e684568,Glenn Lee
91c0d3cf-1bb7-46fd-b35f-93659b2d23df,John Wilson
84ff170e-dcd4-4c03-af0f-3045f6f68e86,Heather Ritter
1dcf95d9-f343-4be6-bdfe-e249dab692f8,Amanda Herrera
f8897063-4e33-44b3-8a73-476125865199,Kelly Palmer
b43da5dc-ca00-4120-9217-fb3bf6fe1c07,Eric Francis
e7a4de9a-5609-4c3f-8cfc-6d326b7cef71,William Ayers
5c6ca260-51ea-4a07-96cd-6b22755f3b69,Brian Johnson
3afa8b80-deec-442c-94cf-6034a4e23064,Katie Ruiz
251e0b98-e06d-482a-b522-75a318e1cde8,Richard Martinez
71360100-834e-4211-964a-9ce26f8046b0,John Simmons
72ff6ecc-3934-4efb-8e31-d0f3f6503a5c,Ronnie Anderson
9cf7d0bb-b5b9-4235-b371-9d52dc3abfa7,Angela Moyer
90913956-f0cb-4508-b7a9-2d531263c631,Leah Estrada
dad6873b-50d3-4403-abd6-d96a3778b8ce,Allison Harris
7ecadbed-b2f9-4b19-bca2-0e09e09dd264,Samuel Washington
21c3a592-5d4e-4ded-8888-69f1a36c9ba0,Brenda Miller
79ac38f5-eeed-40e3-a696-b403ed01fdf7,Elizabeth Montgomery
3e6fe839-af0e-49d5-ab43-84194c86dfad,Brendan Hawkins
ab41a532-1729-453c-81ce-dce282b13b06,Megan Wyatt
3fb9959e-8810-4c9d-bcd9-20bdb26bda09,Christopher Barnes
8c73e97f-1bd3-4857-842c-e18e8744a9a5,Katelyn Thornton
fc6754b0-a528-4d3d-a1a7-f9431aa3befc,Tanya Anderson
aea6a1d9-85fe-47c7-af40-f7834d8e850f,Erin Rodriguez
a053397a-9458-4169-8115-9e23dc03610c,Maria Cherry
8b162bc5-29d7-4486-8bbf-98b122e1cf2e,Amber Cortez
8af4f5d0-d882-435c-bf94-50e6309d4051,Brenda Hall
ea7b3190-be07-467b-8b2e-72bb4343ce73,Benjamin Brooks
4e5036f7-c577-4dd9-9bed-b96c868c112f,Ryan Martinez
6748be74-f8c7-4a6d-84d8-861491c2addf,Steven Huang
a8226875-e830-4ad4-8d46-c77a07c003d3,Lauren Waller
aa35a51d-22ae-4bbf-b873-50b500eebbd2,Henry Strickland
229f2d5e-4d73-4298-bbc1-a8c13ead5a3e,Michael Davis
730dea3c-0191-4878-9531-9e7bff6b0809,Victoria Parker
59aced0a-5ee7-409f-812e-908d794cdf30,Nicole Curtis
3f837f77-dcb4-4c68-88ac-52ca03ccbaf8,Jacqueline Pineda
c2937bcb-bed9-4ae5-a14e-fe3708356d83,Nicholas Colon
5cc321bd-e82c-42d0-bf9b-6298a4e02cfa,Lisa Huber
ce53235b-e8f1-40e4-ba99-51a532bdd97f,Paul Cohen
b9d3585a-69d1-4428-b058-30d9f2dadea9,Mrs. Veronica Murphy
7ad29806-197b-4490-8104-ba44b2c8a0a7,Daniel Wells
8bad00ab-3d34-4eea-8bfc-68821b0f2104,Benjamin Rice
41271312-0384-4182-b052-a157fa8be710,Wyatt Hickman
7fa6443e-cec7-45b5-a172-07e71f9c496e,Ashley Ross
9b69f556-ef99-44ed-bdc4-59c322c192c8,Nicolas Kim
417d711f-76bb-4c11-b8fb-f58bbc586211,Cynthia Johnson
45f99977-0b12-4517-a99e-5994cc88cb49,Danielle Anthony
ee0b6719-9198-48c1-a8c7-e505bd4edb65,Melissa Allen
c5c7bbc8-d7e5-4079-ac43-18dd80faaac6,Shawn Cummings
2795b442-90e9-4e0a-869e-1a0df4ab29aa,Matthew Morgan
1017c253-49a7-4992-8d2e-64209789c621,Laura Sparks
42d04bde-4874-4d6d-9728-e8d821a6f061,Meagan Robinson
6bb22847-59c2-465d-a3ff-06356c3219e5,Lori Rhodes
a0d93091-6723-43ee-a347-0f0172e286f2,Stephen Barton
eba5a982-3aee-4d73-a59b-e86f7d58c770,Cody Gonzalez
f8e60767-19d9-4253-838a-b5b2cfdf5763,Theodore Boyer
7cf5c202-193b-467a-b400-6a57ff24db15,John Lowe
d8915d6b-0fa2-40a9-8bea-8258ad79d1f3,Shannon Taylor
85294dee-fce8-416d-9819-5f6362fb95fe,Brandy Joseph
b27f41e7-4f7c-4845-9d91-0b29dba3f042,Ashley Anderson
f68e448b-5fe9-4e1f-8957-4b4130fca9e2,Steven Vaughn
fcf932c6-18fd-4d7d-ac7d-cfdf5c38f71b,Mary Martin
973c5170-179b-4533-8771-ed318ae73ce6,John Paul
a452668b-ba57-4604-adbe-348f0e926a0e,Michael Gray
53df185e-6c4c-42b8-ae9e-c762ad804a15,Charlotte Davis
cb5cac74-7136-4268-b63b-362ba55cdd72,Monica Bender
678385f5-49e8-42e3-b707-48df1e12881a,Lisa Lee
ee2c7607-75c7-4b9b-9f5e-d543226cb14d,Joshua Simmons
60c08772-3b9b-43c4-b228-42551a4b75c0,Julia Velazquez
026f9552-b475-4465-8a22-f9c32d05d17d,Sara Dominguez
294d2e03-2acb-4f72-83a3-e54ff2b61f3d,Jacqueline Wilson
7eea1e24-81df-4dbe-85b3-1b6d37232417,George Ortiz
def815e5-881c-4e5f-9ceb-cd343f4bbc95,Lynn Smith
ac86f848-a5e8-41f0-bc4c-72abe35a0f56,Stephanie Price
6cf1ed8c-b264-4aa0-9429-b57af3c10bc5,Victor Hall
78f57c54-958e-4986-bf99-59e19f176e29,Ryan Byrd
5ce2732f-ecf7-4b3e-89d6-51573fe96a77,Heidi Miller
036e68e8-be13-4e65-84b4-46718296af9b,Andrea Jackson
8fd79ea3-9443-4741-84eb-df71475040c2,Brandy Dean
fe7f3b34-5d2f-49ca-a9cd-1f22533092ae,James Beck
131c5ac5-984b-4e1e-bc5f-a94c2517f7de,Jody Hale
70117247-a8cc-452b-a12a-8728d8478829,Kathleen Williams
a3c3f47a-0c6b-4bd9-947a-723bd17072e7,Katie Keller
4c4fea10-7c0d-4084-9d20-c62f6e7a392c,Jerry Wilkins
ef1116e1-1ee5-493f-969a-34b00e617f13,Kristina Smith
45602a03-4675-49a6-82d8-a519c53e1368,Nathan Webb
6c3e0c9d-1450-4d30-ac43-072576827b8a,Destiny Roberts
0f597b79-b53a-428e-bddb-84692aebaaa1,Timothy Bowers
a43ee650-4825-4f27-a6e5-9e52e57a506a,Ashley Roberts
d1fb8259-5e4e-4ad9-82b6-38608368970e,Scott Jones
40c35195-c97f-4d2a-b11f-32bf8bd9534b,Christopher Haney
5018c40d-5950-457e-8728-34456691fd37,Kelly Johnson
8f695b83-ead1-4e71-ab70-84ad0686e9ef,Jennifer Manning
cdab5d99-9c6c-4ad9-bc56-a5312dbf9bec,Christopher Holmes
72497391-2a50-4531-b2ea-4abaf33018e1,Brian Sweeney
a58844ac-1e93-4bd6-b0ef-60bac031addb,Cody Perez
1dfdd517-2838-4db8-9759-23e2c631d86a,Mary Jordan
047cdbad-ec12-4627-b197-8cdd977d02ba,Sonya Moore
11df77f7-d719-476b-a373-9569bdad2274,Juan Walsh
60cca0b5-fb8c-41a1-8081-af3310954e1d,Ashley Washington MD
837e3b77-ddd2-45b8-8e20-dd6895bcd4c4,Natalie Wilson
61dffe68-ce61-462f-83d2-8dd73c879c8e,Robert Black
23f03104-26f6-4a9d-9b60-7870af32c17c,Sonia Barnes
e93d2f22-32f9-472c-8072-9b3f7b918fe0,Jennifer Castro
0228d1c9-738b-46fa-9560-203991dda93e,Kevin Elliott
b4454322-49a3-4fef-9145-e580c4c7abc7,Patrick Bowers
e85e54f4-61e4-4680-afaa-6c630dc536f4,Robert Anthony
c43eaeb5-fa1b-4b3f-b1fc-aa1f9bbfaf82,Kathleen Fischer
5bb0323e-ba88-4499-b624-666848c9035c,Mary Nicholson
3f872618-1d29-47ab-ab2d-42df17780683,Kevin Booth
f13e4b5a-86ad-4baa-b9ee-34459092d171,Steven Reyes
7145a77e-84b4-47ed-8d61-3f5e2d6414cb,Trevor Gaines
b5df80e9-2274-42bc-a22e-a1385641e90d,Kerry Tanner
0a1bc89c-6fd9-4aa4-8059-7863cd8a6ae0,Christine Harvey
bf8ca317-4662-4ec0-adfc-a8a20b56fd98,Lee Hill
0e35b728-68c0-4b1e-b574-0d9e84d4e019,Traci Hicks
1bdbd441-e44e-4ac6-98d7-9ffc6fdfa704,Kimberly Lewis
d2762db2-1df9-41e7-9442-0e0bf34a3f09,Vanessa Gilmore
837238fb-bb66-4241-b1af-aabc4631b8f2,Ms. Dawn Wyatt DVM
2f60bb53-07a7-4da1-8588-a988150f6742,Jeremiah Smith
04615a9b-957f-4510-ac29-a3d68e1cae1d,Mark Garcia
ecf49374-3f1f-4a34-897d-183a78bcd683,Julie Fuentes
4c490b79-aab3-45b9-9186-c1ef9cef4d4b,Tony Mendoza
e012b199-4956-415d-975f-4bcca677714a,Sarah Hatfield
d5f3571a-71c8-4772-aea0-242ee0ccf879,Patricia Collins
e41bb407-1754-4330-a7c1-e0cff69cc597,Courtney Roberson
535b3cb2-f02d-4dbd-9584-459c612107e4,Ryan Garcia
3e7b9040-9f24-4a7b-9cd5-54888dc6103f,Joseph Fletcher
6d00758c-1ae4-4245-b200-43296a7ad1c4,Tiffany Bass
15e227fa-49a6-489e-a618-90f47bdad634,Matthew Rogers
9cdc1f2c-230b-40ef-88f7-45fedef1aa15,Michelle Barton
bb7080d8-c34a-4f9f-ad02-8d1da9bb6f36,Mr. Nicholas Smith
6a1702e2-5a3b-49b6-9578-c7c8663c7710,John Barton
084a018b-28db-4268-9206-a4a85a8f8481,Katelyn Warren
be6d6e40-3387-4bb2-9b39-cb2302c2eda7,Brenda Daniel
822a1b26-0eb1-4014-ad52-b9fcf6717ea8,Candice Adams
87a9ea2e-b5dd-46e1-b88d-25a15e1808a3,Martha Johnson
100c21e4-98e4-4b6b-bb88-5b5f43a0d5ff,Gregory Dennis
9cacf803-3da4-40ca-b1f6-ff177ee17807,David Smith
80edd523-2a8b-4880-ab7e-96228ec23ba5,Jamie Howard
58039fa6-1238-48cb-8ba4-b1e707777647,Ann Yoder
e8965bc3-e55b-4c2d-8d14-e98fb549d9c4,Christian Young
3000e410-2340-443c-b64f-563c8f7b39e6,Jon Rogers
5fe4d413-c998-4681-829c-3c28f6fab169,Sarah Edwards
473d4a95-ce42-4950-b11d-2d02c71d7ade,Michael Flores
373e8455-ef67-4e5b-be3d-4371188de3b1,Michael Khan
a131941b-c2dd-4218-abc9-caaa9b76d79c,Carla Jensen
8d0449e4-237a-4223-83f2-7973e49d1737,Gregory Moore
803f76ec-aece-4fd5-a644-f7c1a454d38c,Traci Patel
2371d434-e513-4150-b824-51bb00a64081,Carolyn Moore
e96deb6c-e445-416b-8740-b356714cddf0,Rebecca Rodriguez
3a39ecfe-12b1-4499-86ba-4c6cbe80e5ad,Justin Perry
1386e81b-5cb8-4346-968f-bd1475f0ad22,Amanda Foster
9f31f152-453f-4d42-a655-a4818c0cad4c,Melissa Vasquez
2e8eae7b-2de5-4f55-acb5-de76c33c0394,Charles Johnson
72d93851-e54d-4616-989f-ca002671f1d2,Brendan Figueroa
06ab07d5-8840-4c15-aef2-795f2a2e996a,Mary Gillespie
4feda6c1-7bfd-45c1-8269-70cc48fddb11,Diana Rogers
e41f28a1-d642-4790-be7c-3265ae231351,Mark Smith
8f1b5e7c-8485-4805-a5e1-f4492de07237,Tracey Larson
3e20b7fb-0b2c-43c3-9658-cd25153baa6d,Wendy Sanchez
39d51a2e-20de-46f1-8c64-99b2a7a38784,Henry Flores
1967f5ad-e9e4-4338-9dec-15b093c64b0b,Bridget Vasquez
4e35f2de-ecd2-42f6-8684-1c0fc7f00125,Joanne Mahoney
4d93206d-5124-4aa8-9f21-ab9f1bee222f,Robert Everett
db8bf8bc-ef9d-49b0-8d37-6f4d894b1312,Andrew Perez
7e6a74ae-c532-4b63-babb-c67c4de447f8,Kathy Thompson
ff342731-c7cf-480d-91a7-8bdc9d26c345,Paul Barr
056bd75b-ed83-41d3-88f8-9c22909e15a9,Paul Gardner
4e9137a9-e458-4095-b5e2-0d51e68664ac,Holly Harvey
de64c733-8a89-4a1a-98a1-f963c5b8beb4,Deborah Patterson
dde0ef3d-3ee8-43ec-96c8-955c31586b04,Taylor Thomas
88fb45bf-64db-4668-b075-e49dacfcb519,Melanie Davis
cc2e45e5-e10b-43e9-8fef-965f345d2bd0,Ryan Rose
d6c7a643-e4f3-43ef-8caf-14cdf7f2735d,Melanie Riggs
28695996-54a5-4fd4-9d19-f334a3afe72c,Kimberly Stark
3fef2df3-7806-4c54-8899-ac0d7c61aaf8,Gregory Good
8f0d5ba6-b0fd-4d64-8edd-4d3b2ab7850d,David Lewis
f6bd8af9-8ba1-4b10-9bc9-c9d786043ad2,Cody Vasquez
8c1d4113-f842-4271-893a-e69eb0624b12,Timothy Ferguson
d840f5fc-1004-443e-9466-22b3916b5ea6,Reginald Smith
e06cf77b-7fca-4ec5-ae33-e09454cd99c5,Ray Jacobs
53b73a68-70f2-4412-9c7e-0f10eea07c49,Christopher Villa
589f04d9-22f9-4d5c-ae58-edd38723cfc1,Lori Butler
f409edc5-2f9d-482f-abe6-893c2e9204d4,Angela Roberson
75072560-fe63-43f7-859a-9b89bda05302,Benjamin Jackson
cf0259ad-717f-43ad-b4b5-1032291d9c90,Michael Vaughan
f652c89f-45d5-4fad-a100-af8a9378d687,Dr. Lori Nelson
8529b742-9f44-4590-95eb-3f66ef71e448,David Mann
b978f48d-d201-4eac-b166-6d89fa58c0df,Marvin Kramer
168958d5-79b4-414e-8da4-c32c7486bf75,Gloria Huynh
ac2f86c0-1003-47c2-a7c0-a4035804160f,Katherine Roy
fee12d78-8429-47f1-ac09-054f61746b10,Melissa Gonzales
0df029ba-3569-4d46-b734-aa22092d772a,Brian Estrada
3d29caa3-6a04-422e-85c8-94aa69f6297c,Ryan Davenport
31ba2a22-14d5-4994-9f61-65905c812d1f,Justin Duarte
c4df4038-6082-4d16-acac-7de1f710fd9f,Maria Fields
1c2f847c-8105-403f-bf4e-2bf9cc0239aa,John Roberts
31ffd417-6462-4f82-af72-5aa5ca9d458f,Derek Francis
dd46d8f5-9ff8-432f-be73-24a7f66137ed,Ashley Miller
8b5bd9eb-dae1-4103-af2c-6a6ef9836de8,Garrett Sutton
3d05db5d-1962-4e91-b398-5378ac769df5,Jeffrey Woods
2391fa64-9922-4b43-8745-112797a3de1e,John Henderson
1f1d927b-d85a-4868-b4d2-f70094f9a4e3,Dr. Alex Butler MD
58ac1fae-041c-4527-9185-5a6374905012,Dana Moore
0ac2b2a3-401b-4493-9651-2725e9bf4db4,George Sanchez
467ac4e2-3266-4996-96ab-314487a49827,Ashley Johnson
5300e23b-5a94-4c04-a496-1e880f4d4e7d,Michael Thomas
fceb2ea5-1c7a-4dd3-8330-29bb951f539f,William Smith
61e0bca8-2634-4478-8344-21f6d7452922,Patrick Holloway
b6dd6f3c-8c56-46c0-ab50-3ff49865f03a,Justin Hunter
fb9f3bc9-9c00-4104-aba6-577b0677df60,Amber Coleman
3d6f9535-2ca4-44b4-b28a-c871163e4196,Ryan Wallace
7b69eb3c-c181-4b70-8fa8-6b049485deb1,Joshua Ortiz
ce8d7bce-1177-4711-b245-1150f678b759,Cheryl Robinson
2c251fa8-d9fa-4b7b-b0ab-9ed2a703f92b,Dana Hensley
64bef29d-57c1-42be-8112-ad5cdf71118d,Alyssa Alvarado
9f3785e2-1d68-4078-9084-711698667c3f,Kimberly Gregory
e1abf480-6870-43ec-b7b5-13c526cbb229,Ryan Jones
b6a8ffe3-7879-46f5-ab2f-bd7e98426ad9,Robert Lane
b8b9dcab-f693-4ee9-add4-5df18b784714,Jacob Mosley
98cc8af9-1a68-4e7f-a9ef-03dc9731472d,Tanner Collier
9583fe60-8aa2-4b64-a175-a59086c69a85,David Barton
d83d08d3-7397-4fb7-b290-47530cc1f153,Matthew Zuniga
e69a2633-996d-46ff-9c20-b5b31a41d9d4,Cheryl Wilson
7c6a0dc0-6478-4638-8935-f618d6d844fc,Crystal Porter
1c036942-5582-4fc1-af1b-6160794ad2e3,Jason Callahan
e7844be8-ece4-405c-ab9d-789cc04f0ca1,Jason Johnson
08b12f1d-0625-4750-b78f-a0d42595bdd8,James Gutierrez
fc1f5c27-c5d0-4d1e-9a35-b38a37946cf4,Jodi Mitchell
5ea2f6d6-321e-4e3b-aa94-50a4ee60b633,Derek Lang
1ee1aa3b-b287-4804-972e-026ceea6ef63,Chelsea Blackburn
be3c39f5-5501-45e6-bc71-baec1c03a164,Michael Ford
314ce7f5-65c0-4d7b-8db4-974a102a69d6,Taylor Smith
cd89b290-600b-43ad-bb9a-0989c6b68d47,Christopher Owens
dfb90753-5c1e-430c-b9e0-1c32d405a4d3,Catherine Krueger
7fce9d65-d19e-40e6-adb3-fdab1124f502,Laura Mccarthy
53b4ebf0-f2fe-4e93-8dce-2704d26705ac,Michelle Patterson
14117ddb-612b-4b09-8cba-d3c83e32353f,Shawn Baker
81bad68f-4836-4366-b422-208279836227,Kristi Washington
f3ae2f54-2f57-4fc4-adad-d2c16c08636e,Garrett Black
0e3d2be3-afaf-4ae1-838c-913388f55e3b,Beverly Peters
1bf4ede7-bb41-4e77-a525-c594590a21bf,Ashley Smith
c55e7bf0-6737-4524-ae59-445dde7adf65,Angela Robinson
5d24d921-fde7-4429-9c27-d6710279ef29,Kelli Nash
3dd4f1b5-cecd-4933-a8b2-2721822293c1,Ian Tapia
babded23-fedb-49f0-a600-7204f27d55fa,Daniel Chapman
4bade4e4-38e8-484d-abf8-e1335c0cc158,Marc West
a1b450f5-50a1-4f2f-9c24-fd86e5367dbc,Daniel Schneider
1261e8e1-eced-435b-82f5-22a570eb1bd5,Robert Cortez
b18ebdfd-cd25-42f7-965e-4691cd73d7f8,Amanda Fowler
8a20785c-aa98-47fd-8c8a-b4f68800acf2,Debra Hall
7d92b2b1-ca34-4da4-926d-cc0d5e8bb921,George Farrell
67090a96-8c73-4851-9aa7-6a50395cc62a,Dylan Dickerson
93026b9a-141d-4a99-8698-6e156566eec3,Jill Reynolds
c282f3d5-94d3-472d-9974-da274a71b178,Andrew Rosales
3aaaa9c7-97e9-43bc-aca6-6eae1d798c46,Jasmine Knight
74c8a79c-c62e-4c36-a9d7-1851b1083f12,Theresa Barrett
2e52e4ce-3564-433c-85a0-26a18cba23c7,Tara Osborne
289db48b-1747-4da5-9b66-3d799befde2a,Laura Reynolds
32993cc1-e098-48da-857a-0d62a909cf71,David Baxter
552b6aa0-66b7-4992-a8ae-b249ec8aa0a3,Joy Peterson
42d46180-d197-4707-8f55-2e71bd136579,Stephen Sloan
04c57f4a-ae45-4157-845e-cd2903a25f85,Erin Baker
8af56942-6aa1-4111-9a3e-390461742049,Misty Townsend
760d7101-935a-43d8-ac96-25ce6027b3ab,Shaun Berry
c2667a46-36e9-47cf-90d3-87f6a0f171fe,Anthony Rice
dca81738-e46f-4d67-b5c9-61bd767a2b4f,Samuel Vincent
4de201b4-96f1-4deb-a9f1-9e5df8b04da2,Matthew Roberts
c7762440-cbe9-4bb5-91dd-45352882f134,Robert Dillon
f1dea4d8-8bc5-46cb-a975-e49b0882ade7,Jacob Mccarthy
ae09385b-9899-4221-8446-0baacd0086d7,Shirley Guerrero
2e954da5-338c-46b2-85d8-16cccbfdc9a6,Tina Grant
00f8d9a0-754a-4a07-9ce6-0cc17d89bbf7,Rhonda Gomez
324e2e66-5cc9-483d-b1e8-137fdfec56ce,Michelle Olson
8e2cd248-284c-4493-b47f-33b8c43773ac,Michael Harris
422b7a1d-ca8d-41e4-be1f-30e5dff29756,Kevin Jenkins
d3582347-051b-45c0-b3d0-5c57e479a063,Gene Frazier
987dbbce-e51e-4983-9cee-0eb296ab1893,Gregory Reynolds
e072305b-eb62-4c37-8c94-18f1baf3cacb,Heidi Jarvis
bea55301-3c80-4b2d-9c5a-720b26b467f3,Justin Turner DVM
57b7445c-1bc9-45ef-a6f8-4e068eb3e087,Linda Johnson
821d578f-1880-4b06-8d48-3e9bfa28495a,Brad Hogan
56a72641-3eae-47e5-bf6f-8e9c64ab6722,Diane Vazquez
1cc5f10f-f30d-4525-bccf-d93580695351,Carrie Russell MD
a331622e-b89c-4b03-93a3-dfe69eb4920b,David Oconnor
595512f1-828e-4741-886d-c911e2ac2816,Steven Atkins
6af7cd3e-f3a3-4159-9707-eb27459c7384,John Phillips
b98cde1a-f7d3-4258-acd3-571aefb8bd79,Tammy Patel
dc3b7a1d-8628-4087-b81e-3df491218471,Wanda Diaz
f7cd7de9-c224-4e73-9811-c82cfa1a798c,Natalie Hatfield
bc71bbdd-014f-4bd5-8288-a140610d84a4,Joanna Jacobs
1e617f49-a82d-4067-bf71-073576021614,Angela Armstrong
d6892fe9-3b6a-4524-9209-2f29e80b25a0,Sarah Porter
7537f2d2-12ce-4631-887e-bf6e7b7e3f39,Bryan Bell
83159186-b4de-4ada-919d-180dd901286a,Natalie Hunter
c9a3438c-4e00-4ca5-887a-e4c0d40a5a14,Robert Wong
84d21146-556a-436b-a108-f2873c61ab6a,Tyler Spencer
2692b142-84e6-4954-97bf-79bcf83f0633,Angela Compton
8601dfbc-4a4e-41c7-a1ac-9adc8d562244,Nicole Perez
bd07f2ff-02f6-4aac-9c8c-7846a7ac4e29,Karen Sanchez
fe2f2d00-0011-42c3-a27b-6dcd96ba90b0,Jessica Lynch
3ca9240a-0068-48e6-b8ed-95f3e7db014d,Kelly Pearson
6b8bd7a1-fa73-4dfb-8d8a-5eb96f0ce837,Michael Harper
1a1dda3a-d1d3-43e6-8f0f-193ec76e556d,Bruce Henderson
805d783b-db98-4dcf-b674-65b2de31de48,Sheena Lewis
039a93e6-a6e2-4726-8a58-f4b19a4dbc89,Dave Murphy
bce17440-5eb8-4de0-9284-7be82f221383,Cathy Hernandez
1ca0e165-4eb4-4049-a178-8cccf1ff0c88,Stephanie Castillo
